{
    "_ColorR": 0.7333333492279053,
    "_ColorG": 0.5372549295425415,
    "_ColorB": 0.4000000059604645,
    "_RampLevels": 6.0,
    "_LightScalar": 1.4800000190734864,
    "_HighColorR": 1.0,
    "_HighColorG": 0.9058823585510254,
    "_HighColorB": 0.7254902124404907,
    "_HighIntensity": 1.9900000095367432,
    "_LowColorR": 0.2862745225429535,
    "_LowColorG": 0.14509804546833039,
    "_LowColorB": 0.09019608050584793,
    "_LowIntensity": 0.30000001192092898,
    "_OutlineColorR": 0.0,
    "_OutlineColorG": 0.0,
    "_OutlineColorB": 0.0,
    "_OutlineSize": 3.759999990463257,
    "_RimColorR": 1.0,
    "_RimColorG": 1.0,
    "_RimColorB": 1.0,
    "_RimAlpha": 0.3400000035762787,
    "_RimPower": 0.49000000953674319,
    "_RimDropOff": 0.0,
    "_FresnelColorR": 0.8887326717376709,
    "_FresnelColorG": 1.0,
    "_FresnelColorB": 0.845588207244873,
    "_FresnelBrightness": 0.03999999910593033,
    "_FresnelPower": 0.8500000238418579,
    "_FresnelShadowDropoff": 0.0,
    "_GradYCap": 0.0,
    "_GradIntensity": 0.0
}