{
    "_ColorR": 0.929411768913269,
    "_ColorG": 0.6745098233222961,
    "_ColorB": 0.6039215922355652,
    "_RampLevels": 2.0,
    "_LightScalar": 2.299999952316284,
    "_HighColorR": 1.0,
    "_HighColorG": 0.843137264251709,
    "_HighColorB": 0.7647058963775635,
    "_HighIntensity": 2.700000047683716,
    "_LowColorR": 0.8078431487083435,
    "_LowColorG": 0.5137255191802979,
    "_LowColorB": 0.5176470875740051,
    "_LowIntensity": 2.299999952316284,
    "_OutlineColorR": 0.0,
    "_OutlineColorG": 0.0,
    "_OutlineColorB": 0.0,
    "_OutlineSize": 2.180000066757202,
    "_RimColorR": 0.0,
    "_RimColorG": 0.0,
    "_RimColorB": 0.0,
    "_RimAlpha": 0.0,
    "_RimPower": 0.0,
    "_RimDropOff": 0.0,
    "_FresnelColorR": 0.0,
    "_FresnelColorG": 0.0,
    "_FresnelColorB": 0.0,
    "_FresnelBrightness": 0.0,
    "_FresnelPower": 0.0,
    "_FresnelShadowDropoff": 0.0,
    "_GradYCap": 0.0,
    "_GradIntensity": 0.0
}